model,sequence,frames,tp,fp,fn,gt_persons,predictions_ap_floor,predictions_at_confidence,ignored_predictions,precision,recall,f1,ap50,ap75,map50_95,ignored_detections_at_ap50,matched_iou_mean,matched_iou_median,matched_iou_std,matched_iou_p25,matched_iou_p75,matched_iou_p50,matched_iou_p95,matched_dice_mean,matched_dice_median,matched_dice_std,matched_dice_p25,matched_dice_p75,matched_dice_p50,matched_dice_p95
yolo26m-seg.pt,MOTS20-02,600,5306,714,1733,7039,80977,7609,1589,0.8813953488372093,0.7538002557181418,0.8126196492840186,0.8258704384757767,0.43539925639380656,0.4492104479372004,27802,0.7762773032937111,0.7923505824887211,0.09733947703565121,0.7119330144784383,0.859690330845035,0.7923505824887211,0.8992093249985255,0.8705216197049156,0.8841468741507525,0.06450867744797747,0.8317299899062144,0.9245521327583177,0.8841468741507525,0.9469301906826995
yolo26m-seg.pt,MOTS20-05,837,5404,467,1166,6570,49745,6458,587,0.9204564810083461,0.8225266362252663,0.8687404549473515,0.8839235591643976,0.6759169168302089,0.6189945685241278,10506,0.8468639236896267,0.8828034499255173,0.1079077384430066,0.7921854198451028,0.9287121552301737,0.8828034499255173,0.9603718091095234,0.9130750700497726,0.9377542300979866,0.0687796776936721,0.8840440378561004,0.9630386292752375,0.9377542300979866,0.9797853696855944
yolo26m-seg.pt,MOTS20-09,525,4131,330,643,4774,41358,5378,917,0.9260255548083389,0.8653121072475911,0.8946399566865186,0.8910802494287215,0.6558377441325886,0.5823107206035733,11868,0.8184017143915289,0.8433425797503468,0.09642840434401863,0.7715228276066619,0.8931644314842664,0.8433425797503468,0.9276040291521108,0.8968218108917998,0.9150144840299462,0.0625929763025953,0.8710278123548161,0.9435677225287062,0.9150144840299462,0.9624425090659758
yolo26m-seg.pt,MOTS20-11,900,7086,439,1425,8511,80513,8322,797,0.9416611295681063,0.8325696157913288,0.8837615365427788,0.8949602140646976,0.725657128247681,0.6333698933604952,26971,0.8496123349310822,0.8741452758793811,0.08886064085165252,0.8165671541688857,0.9135286172681154,0.8741452758793811,0.9417498348399125,0.9159817913516818,0.9328468684892635,0.05656261664961292,0.8990222586752525,0.9548105097816797,0.9328468684892635,0.9700011998872576
yolo11m-seg.pt,MOTS20-02,600,5281,584,1758,7039,85401,7571,1706,0.9004262574595056,0.7502486148600653,0.8185058896466212,0.8084471003153757,0.35450170843352213,0.39952604958590243,28446,0.7504297153672204,0.7628453223008141,0.09678949728364945,0.679635761589404,0.8350414078674948,0.7628453223008141,0.8789102441898754,0.8538212756083061,0.8654705125293362,0.06526100862368515,0.8092656481025136,0.9101063379685781,0.8654705125293362,0.9355531983581609
yolo11m-seg.pt,MOTS20-05,837,5362,547,1208,6570,52957,6477,568,0.9074293450668471,0.8161339421613394,0.8593637310681945,0.872364307972271,0.627096832157517,0.5791415651117273,10880,0.8285753423235683,0.8592412179933404,0.11065540198091474,0.7637025563158887,0.9168040510165804,0.8592412179933404,0.9545931088650805,0.9019624983995299,0.9242923507410232,0.07107154768998036,0.8660219418295269,0.956596527110168,0.9242923507410232,0.9767691337185348
yolo11m-seg.pt,MOTS20-09,525,4052,334,722,4774,43754,5029,643,0.9238486092111263,0.8487641390867198,0.8847161572052402,0.8767301024742391,0.5550190418247464,0.5173085702991111,12479,0.7886838789455414,0.80717798827755,0.0959201712986723,0.7354294337430095,0.8640808244635243,0.80717798827755,0.9094532682554615,0.8784630285065941,0.893302146778492,0.0634855697697732,0.8475474939366193,0.9270851486790486,0.893302146778492,0.9525797528886587
yolo11m-seg.pt,MOTS20-11,900,6956,563,1555,8511,77147,8137,618,0.9251230216784146,0.8172952649512396,0.8678727386150967,0.8704542698966373,0.6592035465063486,0.5674319105373358,21982,0.8203366645597602,0.842144384662111,0.09181140035022026,0.7805368531585535,0.8866690038033628,0.842144384662111,0.9260185488864301,0.8983045739071819,0.9143087715271974,0.05957708737456495,0.8767432718339029,0.9399306417313595,0.9143087715271974,0.9615884015314375
yolov8m-seg.pt,MOTS20-02,600,5156,824,1883,7039,83827,7527,1547,0.8622073578595317,0.7324904105696832,0.7920731238958445,0.7927523781195943,0.3423930826141918,0.38591208110573183,28563,0.7463902815416233,0.7591810715464056,0.1016571837413556,0.6650418211692838,0.8364641154882493,0.7591810715464056,0.8818279799688761,0.8507797171905026,0.8631073666360751,0.06885458352492874,0.7988289695957018,0.9109506751312093,0.8631073666360751,0.9372036011100643
yolov8m-seg.pt,MOTS20-05,837,5220,497,1350,6570,50530,6259,542,0.9130662935105824,0.7945205479452054,0.8496785220151379,0.8597028368675951,0.6145637304370823,0.5654430299611585,10574,0.8284334513922404,0.856158797900601,0.1071367924615777,0.7668234106913352,0.91332967023374,0.856158797900601,0.9519974300371423,0.9021487176414822,0.9225059826188626,0.06876343260337846,0.868024959362109,0.9547018315163895,0.9225059826188626,0.9754084864075399
yolov8m-seg.pt,MOTS20-09,525,4023,415,751,4774,52301,5542,1104,0.9064894096439837,0.8426895684960201,0.8734259661311333,0.8662291090159872,0.5469555128305966,0.508933419607916,16987,0.7868127427238719,0.8056479984786536,0.0996743817035358,0.7305823996198298,0.8668461273160203,0.8056479984786536,0.9101441263926144,0.8770083743715874,0.8923644023170091,0.06612924362133943,0.8443196915929234,0.9286744254167539,0.8923644023170091,0.9529585896624707
yolov8m-seg.pt,MOTS20-11,900,6951,758,1560,8511,106336,8392,683,0.9016733687897263,0.8167077899189285,0.8570900123304562,0.8631574005738875,0.643386356249257,0.5586178623859923,28326,0.8172242881067502,0.8406732016721926,0.09464800495433523,0.7727112070302711,0.8868550825503847,0.8406732016721926,0.9264599014157995,0.8962219684297827,0.9134410181106217,0.06155782096873956,0.8717846469445563,0.940035184179361,0.9134410181106217,0.9618263018717594
