model,max_dets,ap50,ap75,map50_95,ignored_detections_at_ap50,ap50_abs_difference_from_1000,ap75_abs_difference_from_1000,map50_95_abs_difference_from_1000,converged
yolo26m-seg.pt,100,0.8637371311615551,0.6067099320211001,0.5594125787888389,2666,0.0006428464273562362,0.0,6.328609511518923e-05,False
yolo26m-seg.pt,200,0.8643799775889114,0.6067099320211001,0.5594758648839541,2926,0.0,0.0,0.0,True
yolo26m-seg.pt,300,0.8643799775889114,0.6067099320211001,0.5594758648839541,2926,0.0,0.0,0.0,True
yolo26m-seg.pt,1000,0.8643799775889114,0.6067099320211001,0.5594758648839541,2926,0.0,0.0,0.0,True
yolo11m-seg.pt,100,0.8467248189556474,0.5280392040972577,0.5077380602764929,2563,2.3993917391162967e-05,0.0011060380649464685,0.00025748055763741284,False
yolo11m-seg.pt,200,0.8467008250382563,0.5291452421622042,0.5079955408341303,2930,0.0,0.0,0.0,True
yolo11m-seg.pt,300,0.8467008250382563,0.5291452421622042,0.5079955408341303,2930,0.0,0.0,0.0,True
yolo11m-seg.pt,1000,0.8467008250382563,0.5291452421622042,0.5079955408341303,2930,0.0,0.0,0.0,True
yolov8m-seg.pt,100,0.8292367815476163,0.5073496899181453,0.4918554640279472,2716,0.0,0.0,3.1715221098238544e-06,True
yolov8m-seg.pt,200,0.8292367815476163,0.5073496899181453,0.4918522925058374,3172,0.0,0.0,0.0,True
yolov8m-seg.pt,300,0.8292367815476163,0.5073496899181453,0.4918522925058374,3174,0.0,0.0,0.0,True
yolov8m-seg.pt,1000,0.8292367815476163,0.5073496899181453,0.4918522925058374,3174,0.0,0.0,0.0,True
