model,gt_persons_per_frame,frames,tp,fp,fn,ignored_predictions,precision,recall,f1
yolov8m-seg.pt,3,14,42,2,0,16,0.9545454545454546,1.0,0.9767441860465116
yolov8m-seg.pt,4,31,98,14,26,43,0.875,0.7903225806451613,0.8305084745762712
yolov8m-seg.pt,5,117,496,37,89,111,0.9305816135084428,0.8478632478632478,0.8872987477638641
yolov8m-seg.pt,6,181,949,106,137,217,0.8995260663507109,0.8738489871086557,0.8865016347501168
yolov8m-seg.pt,7,251,1532,159,225,363,0.905972797161443,0.8719408081957882,0.888631090487239
yolov8m-seg.pt,8,368,2586,205,358,374,0.926549623790756,0.8783967391304348,0.9018308631211857
yolov8m-seg.pt,9,505,3776,475,769,630,0.8882615855092919,0.8308030803080309,0.8585720782173716
yolov8m-seg.pt,10,539,4367,516,1023,634,0.8943272578332992,0.810204081632653,0.8501898179694345
yolov8m-seg.pt,11,313,2574,283,869,328,0.9009450472523626,0.7476038338658147,0.8171428571428572
yolov8m-seg.pt,12,232,1978,306,806,406,0.8660245183887916,0.7104885057471264,0.7805840568271507
yolov8m-seg.pt,13,193,1814,263,695,425,0.8733750601829562,0.7229972100438422,0.7911033580462277
yolov8m-seg.pt,14,91,862,103,412,236,0.8932642487046633,0.6766091051805337,0.7699866011612327
yolov8m-seg.pt,15,21,213,23,102,73,0.902542372881356,0.6761904761904762,0.7731397459165155
yolov8m-seg.pt,16,6,63,2,33,20,0.9692307692307692,0.65625,0.782608695652174
