study_id,schema_version,experiment,tier,family,model,sequence,frames,gt_instances,predictions,tp,fp,fn,precision,recall,f1,ap50,ap75,mask_map50_95,tp_iou_mean,tp_dice_mean,ignored_predictions
yolo_instance_segmentation_mots20_scaling,1.0,YOLO_Medium_Seg_MOTS20_Benchmark,medium,YOLO26,YOLO26m-Seg,MOTS20-02,600,7039,7609,5306,714,1733,0.8813953488372093,0.7538002557181418,0.8126196492840186,0.8258704384757767,0.43539925639380656,0.4492104479372004,0.7762773032937111,0.8705216197049156,1589
yolo_instance_segmentation_mots20_scaling,1.0,YOLO_Medium_Seg_MOTS20_Benchmark,medium,YOLO26,YOLO26m-Seg,MOTS20-05,837,6570,6458,5404,467,1166,0.9204564810083461,0.8225266362252663,0.8687404549473515,0.8839235591643976,0.6759169168302089,0.6189945685241278,0.8468639236896267,0.9130750700497726,587
yolo_instance_segmentation_mots20_scaling,1.0,YOLO_Medium_Seg_MOTS20_Benchmark,medium,YOLO26,YOLO26m-Seg,MOTS20-09,525,4774,5378,4131,330,643,0.9260255548083389,0.8653121072475911,0.8946399566865186,0.8910802494287215,0.6558377441325886,0.5823107206035733,0.8184017143915289,0.8968218108917998,917
yolo_instance_segmentation_mots20_scaling,1.0,YOLO_Medium_Seg_MOTS20_Benchmark,medium,YOLO26,YOLO26m-Seg,MOTS20-11,900,8511,8322,7086,439,1425,0.9416611295681063,0.8325696157913288,0.8837615365427788,0.8949602140646976,0.725657128247681,0.6333698933604952,0.8496123349310822,0.9159817913516818,797
yolo_instance_segmentation_mots20_scaling,1.0,YOLO_Medium_Seg_MOTS20_Benchmark,medium,YOLO11,YOLO11m-Seg,MOTS20-02,600,7039,7571,5281,584,1758,0.9004262574595056,0.7502486148600653,0.8185058896466212,0.8084471003153757,0.35450170843352213,0.39952604958590243,0.7504297153672204,0.8538212756083061,1706
yolo_instance_segmentation_mots20_scaling,1.0,YOLO_Medium_Seg_MOTS20_Benchmark,medium,YOLO11,YOLO11m-Seg,MOTS20-05,837,6570,6477,5362,547,1208,0.9074293450668471,0.8161339421613394,0.8593637310681945,0.872364307972271,0.627096832157517,0.5791415651117273,0.8285753423235683,0.9019624983995299,568
yolo_instance_segmentation_mots20_scaling,1.0,YOLO_Medium_Seg_MOTS20_Benchmark,medium,YOLO11,YOLO11m-Seg,MOTS20-09,525,4774,5029,4052,334,722,0.9238486092111263,0.8487641390867198,0.8847161572052402,0.8767301024742391,0.5550190418247464,0.5173085702991111,0.7886838789455414,0.8784630285065941,643
yolo_instance_segmentation_mots20_scaling,1.0,YOLO_Medium_Seg_MOTS20_Benchmark,medium,YOLO11,YOLO11m-Seg,MOTS20-11,900,8511,8137,6956,563,1555,0.9251230216784146,0.8172952649512396,0.8678727386150967,0.8704542698966373,0.6592035465063486,0.5674319105373358,0.8203366645597602,0.8983045739071819,618
yolo_instance_segmentation_mots20_scaling,1.0,YOLO_Medium_Seg_MOTS20_Benchmark,medium,YOLOv8,YOLOv8m-Seg,MOTS20-02,600,7039,7527,5156,824,1883,0.8622073578595317,0.7324904105696832,0.7920731238958445,0.7927523781195943,0.3423930826141918,0.38591208110573183,0.7463902815416233,0.8507797171905026,1547
yolo_instance_segmentation_mots20_scaling,1.0,YOLO_Medium_Seg_MOTS20_Benchmark,medium,YOLOv8,YOLOv8m-Seg,MOTS20-05,837,6570,6259,5220,497,1350,0.9130662935105824,0.7945205479452054,0.8496785220151379,0.8597028368675951,0.6145637304370823,0.5654430299611585,0.8284334513922404,0.9021487176414822,542
yolo_instance_segmentation_mots20_scaling,1.0,YOLO_Medium_Seg_MOTS20_Benchmark,medium,YOLOv8,YOLOv8m-Seg,MOTS20-09,525,4774,5542,4023,415,751,0.9064894096439837,0.8426895684960201,0.8734259661311333,0.8662291090159872,0.5469555128305966,0.508933419607916,0.7868127427238719,0.8770083743715874,1104
yolo_instance_segmentation_mots20_scaling,1.0,YOLO_Medium_Seg_MOTS20_Benchmark,medium,YOLOv8,YOLOv8m-Seg,MOTS20-11,900,8511,8392,6951,758,1560,0.9016733687897263,0.8167077899189285,0.8570900123304562,0.8631574005738875,0.643386356249257,0.5586178623859923,0.8172242881067502,0.8962219684297827,683
