study_id,schema_version,experiment,tier,family,model,stage,mean_ms,median_ms,std_ms,p50_ms,p95_ms,repetitions,measured_frames,contamination_status
yolo_instance_segmentation_mots20_scaling,1.0,YOLO_Medium_Seg_MOTS20_Benchmark,medium,YOLO26,YOLO26m-Seg,preprocessing,1.7064105222622554,1.879606454167515,0.4418660151250035,1.879606454167515,2.1031146228779107,3,300,CLEAN
yolo_instance_segmentation_mots20_scaling,1.0,YOLO_Medium_Seg_MOTS20_Benchmark,medium,YOLO26,YOLO26m-Seg,inference,32.043173607283585,30.331371002830565,5.818028492305236,30.331371002830565,43.42693876824342,3,300,CLEAN
yolo_instance_segmentation_mots20_scaling,1.0,YOLO_Medium_Seg_MOTS20_Benchmark,medium,YOLO26,YOLO26m-Seg,postprocessing,43.559814282149695,44.810910476371646,26.127613135022532,44.810910476371646,85.61337956925856,3,300,CLEAN
yolo_instance_segmentation_mots20_scaling,1.0,YOLO_Medium_Seg_MOTS20_Benchmark,medium,YOLO26,YOLO26m-Seg,pipeline,77.30939841169554,82.41300308145583,28.462276081754926,82.41300308145583,121.9345437071752,3,300,CLEAN
yolo_instance_segmentation_mots20_scaling,1.0,YOLO_Medium_Seg_MOTS20_Benchmark,medium,YOLO26,YOLO26m-Seg,rle_preparation,261.5913712027638,273.37424404686317,161.9905568678041,273.37424404686317,494.1031632421073,3,300,CLEAN
yolo_instance_segmentation_mots20_scaling,1.0,YOLO_Medium_Seg_MOTS20_Benchmark,medium,YOLO26,YOLO26m-Seg,ultralytics_postprocess_inclusive,29.20853093538123,31.186289503239095,16.584346411671973,31.186289503239095,51.43621666356921,3,300,CLEAN
yolo_instance_segmentation_mots20_scaling,1.0,YOLO_Medium_Seg_MOTS20_Benchmark,medium,YOLO11,YOLO11m-Seg,preprocessing,1.7337930866051465,1.9135699840262532,0.44321742174320006,1.9135699840262532,2.171602169983089,3,300,CLEAN
yolo_instance_segmentation_mots20_scaling,1.0,YOLO_Medium_Seg_MOTS20_Benchmark,medium,YOLO11,YOLO11m-Seg,inference,30.573980881211657,29.61172250797972,6.029427121375466,29.61172250797972,42.173347825882956,3,300,CLEAN
yolo_instance_segmentation_mots20_scaling,1.0,YOLO_Medium_Seg_MOTS20_Benchmark,medium,YOLO11,YOLO11m-Seg,postprocessing,44.663512491388246,46.625129529275,26.54557447268633,46.625129529275,82.68441961845383,3,300,CLEAN
yolo_instance_segmentation_mots20_scaling,1.0,YOLO_Medium_Seg_MOTS20_Benchmark,medium,YOLO11,YOLO11m-Seg,pipeline,76.97128645920505,81.73053350765258,28.594280103934004,81.73053350765258,119.96083083213307,3,300,CLEAN
yolo_instance_segmentation_mots20_scaling,1.0,YOLO_Medium_Seg_MOTS20_Benchmark,medium,YOLO11,YOLO11m-Seg,rle_preparation,278.8665926103325,290.9463800024241,177.73247038512915,290.9463800024241,540.0376738456545,3,300,CLEAN
yolo_instance_segmentation_mots20_scaling,1.0,YOLO_Medium_Seg_MOTS20_Benchmark,medium,YOLO11,YOLO11m-Seg,ultralytics_postprocess_inclusive,30.463685055729,31.757974007632583,17.701787955276128,31.757974007632583,55.82201147917659,3,300,CLEAN
yolo_instance_segmentation_mots20_scaling,1.0,YOLO_Medium_Seg_MOTS20_Benchmark,medium,YOLOv8,YOLOv8m-Seg,preprocessing,1.7313925091487665,1.9041895284317434,0.44841129872218044,1.9041895284317434,2.1931472583673894,3,300,CLEAN
yolo_instance_segmentation_mots20_scaling,1.0,YOLO_Medium_Seg_MOTS20_Benchmark,medium,YOLOv8,YOLOv8m-Seg,inference,27.231897604263697,25.64316103234887,5.269726593267365,25.64316103234887,37.03259018366225,3,300,CLEAN
yolo_instance_segmentation_mots20_scaling,1.0,YOLO_Medium_Seg_MOTS20_Benchmark,medium,YOLOv8,YOLOv8m-Seg,postprocessing,49.1483058341934,53.51090751355514,28.748924391127016,53.51090751355514,88.2739199558273,3,300,CLEAN
yolo_instance_segmentation_mots20_scaling,1.0,YOLO_Medium_Seg_MOTS20_Benchmark,medium,YOLOv8,YOLOv8m-Seg,pipeline,78.11159594760586,82.74364948738366,30.63002097033199,82.74364948738366,124.64249477488922,3,300,CLEAN
yolo_instance_segmentation_mots20_scaling,1.0,YOLO_Medium_Seg_MOTS20_Benchmark,medium,YOLOv8,YOLOv8m-Seg,rle_preparation,312.8794395488997,346.60406498005614,189.99714901034162,346.60406498005614,563.6486312781926,3,300,CLEAN
yolo_instance_segmentation_mots20_scaling,1.0,YOLO_Medium_Seg_MOTS20_Benchmark,medium,YOLOv8,YOLOv8m-Seg,ultralytics_postprocess_inclusive,33.070806162819885,36.67128650704399,18.663319374671456,36.67128650704399,57.97739961417394,3,300,CLEAN
